question,answer
What is land mutation?,Mutation updates ownership details in land records.
Who can apply for mutation?,"Owners, purchasers, legal heirs and authorized representatives."
How long does mutation take?,Typically 30–45 days depending on case type.
What is RTC?,"Record of Rights, Tenancy and Crops."
Why is mutation important?,It updates revenue records after ownership transfer.
Mutation FAQ 1,Sample guidance answer 1 for hackathon prototype.
Mutation FAQ 2,Sample guidance answer 2 for hackathon prototype.
Mutation FAQ 3,Sample guidance answer 3 for hackathon prototype.
Mutation FAQ 4,Sample guidance answer 4 for hackathon prototype.
Mutation FAQ 5,Sample guidance answer 5 for hackathon prototype.
Mutation FAQ 6,Sample guidance answer 6 for hackathon prototype.
Mutation FAQ 7,Sample guidance answer 7 for hackathon prototype.
Mutation FAQ 8,Sample guidance answer 8 for hackathon prototype.
Mutation FAQ 9,Sample guidance answer 9 for hackathon prototype.
Mutation FAQ 10,Sample guidance answer 10 for hackathon prototype.
Mutation FAQ 11,Sample guidance answer 11 for hackathon prototype.
Mutation FAQ 12,Sample guidance answer 12 for hackathon prototype.
Mutation FAQ 13,Sample guidance answer 13 for hackathon prototype.
Mutation FAQ 14,Sample guidance answer 14 for hackathon prototype.
Mutation FAQ 15,Sample guidance answer 15 for hackathon prototype.
Mutation FAQ 16,Sample guidance answer 16 for hackathon prototype.
Mutation FAQ 17,Sample guidance answer 17 for hackathon prototype.
Mutation FAQ 18,Sample guidance answer 18 for hackathon prototype.
Mutation FAQ 19,Sample guidance answer 19 for hackathon prototype.
Mutation FAQ 20,Sample guidance answer 20 for hackathon prototype.
Mutation FAQ 21,Sample guidance answer 21 for hackathon prototype.
Mutation FAQ 22,Sample guidance answer 22 for hackathon prototype.
Mutation FAQ 23,Sample guidance answer 23 for hackathon prototype.
Mutation FAQ 24,Sample guidance answer 24 for hackathon prototype.
Mutation FAQ 25,Sample guidance answer 25 for hackathon prototype.
Mutation FAQ 26,Sample guidance answer 26 for hackathon prototype.
Mutation FAQ 27,Sample guidance answer 27 for hackathon prototype.
Mutation FAQ 28,Sample guidance answer 28 for hackathon prototype.
Mutation FAQ 29,Sample guidance answer 29 for hackathon prototype.
Mutation FAQ 30,Sample guidance answer 30 for hackathon prototype.
Mutation FAQ 31,Sample guidance answer 31 for hackathon prototype.
Mutation FAQ 32,Sample guidance answer 32 for hackathon prototype.
Mutation FAQ 33,Sample guidance answer 33 for hackathon prototype.
Mutation FAQ 34,Sample guidance answer 34 for hackathon prototype.
Mutation FAQ 35,Sample guidance answer 35 for hackathon prototype.
Mutation FAQ 36,Sample guidance answer 36 for hackathon prototype.
Mutation FAQ 37,Sample guidance answer 37 for hackathon prototype.
Mutation FAQ 38,Sample guidance answer 38 for hackathon prototype.
Mutation FAQ 39,Sample guidance answer 39 for hackathon prototype.
Mutation FAQ 40,Sample guidance answer 40 for hackathon prototype.
Mutation FAQ 41,Sample guidance answer 41 for hackathon prototype.
Mutation FAQ 42,Sample guidance answer 42 for hackathon prototype.
Mutation FAQ 43,Sample guidance answer 43 for hackathon prototype.
Mutation FAQ 44,Sample guidance answer 44 for hackathon prototype.
Mutation FAQ 45,Sample guidance answer 45 for hackathon prototype.
